filename,title,description,link,alt_text,board_id
a58d5ee3d60b9be7688c183e1ccee865.JPG,a58d5ee3d60b9be7688c183e1ccee865.JPG,tg: @cutekotikii,https://t.me/cutekotikii,a58d5ee3d60b9be7688c183e1ccee865.JPG,
c9befb7d47b270891eaba2a71f24f115.JPG,c9befb7d47b270891eaba2a71f24f115.JPG,tg: @cutekotikii,https://t.me/cutekotikii,c9befb7d47b270891eaba2a71f24f115.JPG,
b45bdb9c74942d9c681f74ebdf62f969.JPG,b45bdb9c74942d9c681f74ebdf62f969.JPG,tg: @cutekotikii,https://t.me/cutekotikii,b45bdb9c74942d9c681f74ebdf62f969.JPG,
dd6a15194ec383484a4a8482a6869e10.JPG,dd6a15194ec383484a4a8482a6869e10.JPG,tg: @cutekotikii,https://t.me/cutekotikii,dd6a15194ec383484a4a8482a6869e10.JPG,
1c867a6517deaf1146e2df3cac2333b2.JPG,1c867a6517deaf1146e2df3cac2333b2.JPG,tg: @cutekotikii,https://t.me/cutekotikii,1c867a6517deaf1146e2df3cac2333b2.JPG,
2f0be1a687dc6fb48df7b5c24dde9ff3.JPG,2f0be1a687dc6fb48df7b5c24dde9ff3.JPG,tg: @cutekotikii,https://t.me/cutekotikii,2f0be1a687dc6fb48df7b5c24dde9ff3.JPG,
ce97d751fdf9221bf61f736c5d9e6af2.JPG,ce97d751fdf9221bf61f736c5d9e6af2.JPG,tg: @cutekotikii,https://t.me/cutekotikii,ce97d751fdf9221bf61f736c5d9e6af2.JPG,
efa92992fc65f8572442d0c3be898704.JPG,efa92992fc65f8572442d0c3be898704.JPG,tg: @cutekotikii,https://t.me/cutekotikii,efa92992fc65f8572442d0c3be898704.JPG,
9f71f757c3545ed56982c76ab451755c.JPG,9f71f757c3545ed56982c76ab451755c.JPG,tg: @cutekotikii,https://t.me/cutekotikii,9f71f757c3545ed56982c76ab451755c.JPG,
70f352393471e8d43d5d8b9d708bf2e7.JPG,70f352393471e8d43d5d8b9d708bf2e7.JPG,tg: @cutekotikii,https://t.me/cutekotikii,70f352393471e8d43d5d8b9d708bf2e7.JPG,
2778466646701561cdd89c0fab78eca1.JPG,2778466646701561cdd89c0fab78eca1.JPG,tg: @cutekotikii,https://t.me/cutekotikii,2778466646701561cdd89c0fab78eca1.JPG,
3ebf2053cd5067d1d00b2326ac60fa05.JPG,3ebf2053cd5067d1d00b2326ac60fa05.JPG,tg: @cutekotikii,https://t.me/cutekotikii,3ebf2053cd5067d1d00b2326ac60fa05.JPG,
2b8b5453ac134f51af7bbdc997a8a716.JPG,2b8b5453ac134f51af7bbdc997a8a716.JPG,tg: @cutekotikii,https://t.me/cutekotikii,2b8b5453ac134f51af7bbdc997a8a716.JPG,
0ed4b833ab5c9c2fbd7088a15c51a553.JPG,0ed4b833ab5c9c2fbd7088a15c51a553.JPG,tg: @cutekotikii,https://t.me/cutekotikii,0ed4b833ab5c9c2fbd7088a15c51a553.JPG,
c495c08d5de87af604fd10e8c2044e75.JPG,c495c08d5de87af604fd10e8c2044e75.JPG,tg: @cutekotikii,https://t.me/cutekotikii,c495c08d5de87af604fd10e8c2044e75.JPG,
25737f7273a7d1da50d3f2b82ae6a8af.JPG,25737f7273a7d1da50d3f2b82ae6a8af.JPG,tg: @cutekotikii,https://t.me/cutekotikii,25737f7273a7d1da50d3f2b82ae6a8af.JPG,
0acbbadeee9a678be128d8605115fe4d.JPG,0acbbadeee9a678be128d8605115fe4d.JPG,tg: @cutekotikii,https://t.me/cutekotikii,0acbbadeee9a678be128d8605115fe4d.JPG,
c796c8642bed9a3d8e90d7d27c010734.JPG,c796c8642bed9a3d8e90d7d27c010734.JPG,tg: @cutekotikii,https://t.me/cutekotikii,c796c8642bed9a3d8e90d7d27c010734.JPG,
a1123775de012c9ede4004bd070c2969.JPG,a1123775de012c9ede4004bd070c2969.JPG,tg: @cutekotikii,https://t.me/cutekotikii,a1123775de012c9ede4004bd070c2969.JPG,
7598a068548cff89b4ff142479ebbd16.JPG,7598a068548cff89b4ff142479ebbd16.JPG,tg: @cutekotikii,https://t.me/cutekotikii,7598a068548cff89b4ff142479ebbd16.JPG,
5fc4521e7f95a79e61995e61a316bd3d.JPG,5fc4521e7f95a79e61995e61a316bd3d.JPG,tg: @cutekotikii,https://t.me/cutekotikii,5fc4521e7f95a79e61995e61a316bd3d.JPG,
b8548ea1d7160883135a7a7efbcf6664.JPG,b8548ea1d7160883135a7a7efbcf6664.JPG,tg: @cutekotikii,https://t.me/cutekotikii,b8548ea1d7160883135a7a7efbcf6664.JPG,
aa16dc84930db62657e5bcd7f74ff59b.JPG,aa16dc84930db62657e5bcd7f74ff59b.JPG,tg: @cutekotikii,https://t.me/cutekotikii,aa16dc84930db62657e5bcd7f74ff59b.JPG,
e8a113a0085e90be1e9a67fbf0179946.JPG,e8a113a0085e90be1e9a67fbf0179946.JPG,tg: @cutekotikii,https://t.me/cutekotikii,e8a113a0085e90be1e9a67fbf0179946.JPG,
525aa457dd869e36434291d2fea648de.JPG,525aa457dd869e36434291d2fea648de.JPG,tg: @cutekotikii,https://t.me/cutekotikii,525aa457dd869e36434291d2fea648de.JPG,
413d7f4a9db7e0e820d389f17ff93d5b.JPG,413d7f4a9db7e0e820d389f17ff93d5b.JPG,tg: @cutekotikii,https://t.me/cutekotikii,413d7f4a9db7e0e820d389f17ff93d5b.JPG,
9159a28f9aacbc54f0f0b69f9a88287b.JPG,9159a28f9aacbc54f0f0b69f9a88287b.JPG,tg: @cutekotikii,https://t.me/cutekotikii,9159a28f9aacbc54f0f0b69f9a88287b.JPG,
e703e591d220c989010d9a4451571ec3.JPG,e703e591d220c989010d9a4451571ec3.JPG,tg: @cutekotikii,https://t.me/cutekotikii,e703e591d220c989010d9a4451571ec3.JPG,
e7be28623ee3c24688adf6ada28c3dc7.JPG,e7be28623ee3c24688adf6ada28c3dc7.JPG,tg: @cutekotikii,https://t.me/cutekotikii,e7be28623ee3c24688adf6ada28c3dc7.JPG,
1612dc4b31cac45a04f8253421644004.JPG,1612dc4b31cac45a04f8253421644004.JPG,tg: @cutekotikii,https://t.me/cutekotikii,1612dc4b31cac45a04f8253421644004.JPG,
0e51bca4ef2de2f3de1716bba169cba7.JPG,0e51bca4ef2de2f3de1716bba169cba7.JPG,tg: @cutekotikii,https://t.me/cutekotikii,0e51bca4ef2de2f3de1716bba169cba7.JPG,
0f0ba0cfda464d4c646dfe30c353d563.JPG,0f0ba0cfda464d4c646dfe30c353d563.JPG,tg: @cutekotikii,https://t.me/cutekotikii,0f0ba0cfda464d4c646dfe30c353d563.JPG,
35d7cd49401fc9ecd9c830c32ba9dbd3.JPG,35d7cd49401fc9ecd9c830c32ba9dbd3.JPG,tg: @cutekotikii,https://t.me/cutekotikii,35d7cd49401fc9ecd9c830c32ba9dbd3.JPG,
bf71e0e97e06221263af40dc93fd6700.JPG,bf71e0e97e06221263af40dc93fd6700.JPG,tg: @cutekotikii,https://t.me/cutekotikii,bf71e0e97e06221263af40dc93fd6700.JPG,
cb0c077a9d5fa9307bfb4ff9f326e3a1.JPG,cb0c077a9d5fa9307bfb4ff9f326e3a1.JPG,tg: @cutekotikii,https://t.me/cutekotikii,cb0c077a9d5fa9307bfb4ff9f326e3a1.JPG,
aff56f9dd0c3d80ee6108416ddb97ce1.JPG,aff56f9dd0c3d80ee6108416ddb97ce1.JPG,tg: @cutekotikii,https://t.me/cutekotikii,aff56f9dd0c3d80ee6108416ddb97ce1.JPG,
3dbf122e369b728074cac29e8029d4a9.JPG,3dbf122e369b728074cac29e8029d4a9.JPG,tg: @cutekotikii,https://t.me/cutekotikii,3dbf122e369b728074cac29e8029d4a9.JPG,
d6434c420294eda20ca32f3894b6b66e.JPG,d6434c420294eda20ca32f3894b6b66e.JPG,tg: @cutekotikii,https://t.me/cutekotikii,d6434c420294eda20ca32f3894b6b66e.JPG,
ed237c1c55603fd070808497b65fc1c1.JPG,ed237c1c55603fd070808497b65fc1c1.JPG,tg: @cutekotikii,https://t.me/cutekotikii,ed237c1c55603fd070808497b65fc1c1.JPG,
02aff5f3e736c137d9cb1d7ba11e1869.JPG,02aff5f3e736c137d9cb1d7ba11e1869.JPG,tg: @cutekotikii,https://t.me/cutekotikii,02aff5f3e736c137d9cb1d7ba11e1869.JPG,
b3b63642b5b538e14600f58281bfccb0.JPG,b3b63642b5b538e14600f58281bfccb0.JPG,tg: @cutekotikii,https://t.me/cutekotikii,b3b63642b5b538e14600f58281bfccb0.JPG,
ffbd979b22aa69cce2bfd39b8a50af1a.JPG,ffbd979b22aa69cce2bfd39b8a50af1a.JPG,tg: @cutekotikii,https://t.me/cutekotikii,ffbd979b22aa69cce2bfd39b8a50af1a.JPG,
8fba93d5747f0aeffaa2a88edf49edc3.JPG,8fba93d5747f0aeffaa2a88edf49edc3.JPG,tg: @cutekotikii,https://t.me/cutekotikii,8fba93d5747f0aeffaa2a88edf49edc3.JPG,
6d28a0ffd7122b898df209492df71113.JPG,6d28a0ffd7122b898df209492df71113.JPG,tg: @cutekotikii,https://t.me/cutekotikii,6d28a0ffd7122b898df209492df71113.JPG,
f9719af5e580d61dff2ef8d864dd65e8.JPG,f9719af5e580d61dff2ef8d864dd65e8.JPG,tg: @cutekotikii,https://t.me/cutekotikii,f9719af5e580d61dff2ef8d864dd65e8.JPG,
38828e115793a9d29e685c31560c939c.JPG,38828e115793a9d29e685c31560c939c.JPG,tg: @cutekotikii,https://t.me/cutekotikii,38828e115793a9d29e685c31560c939c.JPG,
b9f3a8b46f54d0d23846f141727bee58.JPG,b9f3a8b46f54d0d23846f141727bee58.JPG,tg: @cutekotikii,https://t.me/cutekotikii,b9f3a8b46f54d0d23846f141727bee58.JPG,
adcd174acab70d8f365cc6cc644560d0.JPG,adcd174acab70d8f365cc6cc644560d0.JPG,tg: @cutekotikii,https://t.me/cutekotikii,adcd174acab70d8f365cc6cc644560d0.JPG,
7d3134c48cc7b29261e110e6fd698d42.JPG,7d3134c48cc7b29261e110e6fd698d42.JPG,tg: @cutekotikii,https://t.me/cutekotikii,7d3134c48cc7b29261e110e6fd698d42.JPG,
0351d9aafec75a31f73ae2c3f746f369.JPG,0351d9aafec75a31f73ae2c3f746f369.JPG,tg: @cutekotikii,https://t.me/cutekotikii,0351d9aafec75a31f73ae2c3f746f369.JPG,
d118cb24c4aa5bfe578a50061b6aaff8.JPG,d118cb24c4aa5bfe578a50061b6aaff8.JPG,tg: @cutekotikii,https://t.me/cutekotikii,d118cb24c4aa5bfe578a50061b6aaff8.JPG,
83a0ee50eaa4f17d55d5d552cfc2ec4c.JPG,83a0ee50eaa4f17d55d5d552cfc2ec4c.JPG,tg: @cutekotikii,https://t.me/cutekotikii,83a0ee50eaa4f17d55d5d552cfc2ec4c.JPG,
01c2ff66bcf62cd419557cd35787979a.JPG,01c2ff66bcf62cd419557cd35787979a.JPG,tg: @cutekotikii,https://t.me/cutekotikii,01c2ff66bcf62cd419557cd35787979a.JPG,
50429365b69dd305f3af85650dd4899c.JPG,50429365b69dd305f3af85650dd4899c.JPG,tg: @cutekotikii,https://t.me/cutekotikii,50429365b69dd305f3af85650dd4899c.JPG,
2cd7a71eaf5ad1dff49656bf98f7aa0b.JPG,2cd7a71eaf5ad1dff49656bf98f7aa0b.JPG,tg: @cutekotikii,https://t.me/cutekotikii,2cd7a71eaf5ad1dff49656bf98f7aa0b.JPG,
adc269f9a0193bdcc3bc6de36c740006.JPG,adc269f9a0193bdcc3bc6de36c740006.JPG,tg: @cutekotikii,https://t.me/cutekotikii,adc269f9a0193bdcc3bc6de36c740006.JPG,
96db95fbff4374108994c98e0b657189.JPG,96db95fbff4374108994c98e0b657189.JPG,tg: @cutekotikii,https://t.me/cutekotikii,96db95fbff4374108994c98e0b657189.JPG,
73b32d8f817ba588dd290649e8554e60.JPG,73b32d8f817ba588dd290649e8554e60.JPG,tg: @cutekotikii,https://t.me/cutekotikii,73b32d8f817ba588dd290649e8554e60.JPG,
2ec2ae28eeff91e8cc0387cfb74b30f5.JPG,2ec2ae28eeff91e8cc0387cfb74b30f5.JPG,tg: @cutekotikii,https://t.me/cutekotikii,2ec2ae28eeff91e8cc0387cfb74b30f5.JPG,
e74962bcaea87d5666aa2ad84c8b5232.JPG,e74962bcaea87d5666aa2ad84c8b5232.JPG,tg: @cutekotikii,https://t.me/cutekotikii,e74962bcaea87d5666aa2ad84c8b5232.JPG,
ed8e11658b2c0232187063313cae8974.JPG,ed8e11658b2c0232187063313cae8974.JPG,tg: @cutekotikii,https://t.me/cutekotikii,ed8e11658b2c0232187063313cae8974.JPG,
c0abf38013d940ec18d95b49428bd608.JPG,c0abf38013d940ec18d95b49428bd608.JPG,tg: @cutekotikii,https://t.me/cutekotikii,c0abf38013d940ec18d95b49428bd608.JPG,
c4e47714fe44e2f7d7fac80fb9291405.JPG,c4e47714fe44e2f7d7fac80fb9291405.JPG,tg: @cutekotikii,https://t.me/cutekotikii,c4e47714fe44e2f7d7fac80fb9291405.JPG,
45fa326fe8e58874a5e105aed4fd65d0.JPG,45fa326fe8e58874a5e105aed4fd65d0.JPG,tg: @cutekotikii,https://t.me/cutekotikii,45fa326fe8e58874a5e105aed4fd65d0.JPG,
b66072dc6f288251855cb50e8e469ddf.JPG,b66072dc6f288251855cb50e8e469ddf.JPG,tg: @cutekotikii,https://t.me/cutekotikii,b66072dc6f288251855cb50e8e469ddf.JPG,
78de6f78118fe26fb71d4d3319f03690.JPG,78de6f78118fe26fb71d4d3319f03690.JPG,tg: @cutekotikii,https://t.me/cutekotikii,78de6f78118fe26fb71d4d3319f03690.JPG,
fc272d17ff464c8b1809da787e99705c.JPG,fc272d17ff464c8b1809da787e99705c.JPG,tg: @cutekotikii,https://t.me/cutekotikii,fc272d17ff464c8b1809da787e99705c.JPG,
5d4224a55535110e76a889f71d8e237a.JPG,5d4224a55535110e76a889f71d8e237a.JPG,tg: @cutekotikii,https://t.me/cutekotikii,5d4224a55535110e76a889f71d8e237a.JPG,
58905e4af7b0e2eba60684b12a0e1156.JPG,58905e4af7b0e2eba60684b12a0e1156.JPG,tg: @cutekotikii,https://t.me/cutekotikii,58905e4af7b0e2eba60684b12a0e1156.JPG,
8958363d8644b0f9609c5cc61159d0bc.JPG,8958363d8644b0f9609c5cc61159d0bc.JPG,tg: @cutekotikii,https://t.me/cutekotikii,8958363d8644b0f9609c5cc61159d0bc.JPG,
2d6cfa81123599d40b5f4e99a503105c.JPG,2d6cfa81123599d40b5f4e99a503105c.JPG,tg: @cutekotikii,https://t.me/cutekotikii,2d6cfa81123599d40b5f4e99a503105c.JPG,
00bc093fb3a35f7d45dda8e2c02fb588.JPG,00bc093fb3a35f7d45dda8e2c02fb588.JPG,tg: @cutekotikii,https://t.me/cutekotikii,00bc093fb3a35f7d45dda8e2c02fb588.JPG,
57e00e760663b0503bfff2812b463a87.JPG,57e00e760663b0503bfff2812b463a87.JPG,tg: @cutekotikii,https://t.me/cutekotikii,57e00e760663b0503bfff2812b463a87.JPG,
545942855ca991375f61347e9ff164d5.JPG,545942855ca991375f61347e9ff164d5.JPG,tg: @cutekotikii,https://t.me/cutekotikii,545942855ca991375f61347e9ff164d5.JPG,
83a55699ce87db53f56bdfcf84f07a03.JPG,83a55699ce87db53f56bdfcf84f07a03.JPG,tg: @cutekotikii,https://t.me/cutekotikii,83a55699ce87db53f56bdfcf84f07a03.JPG,
ee47053152ddcac70db0841a90ebb87e.JPG,ee47053152ddcac70db0841a90ebb87e.JPG,tg: @cutekotikii,https://t.me/cutekotikii,ee47053152ddcac70db0841a90ebb87e.JPG,
0e87f9b066fedb9b6598ca36f72d6a9e.JPG,0e87f9b066fedb9b6598ca36f72d6a9e.JPG,tg: @cutekotikii,https://t.me/cutekotikii,0e87f9b066fedb9b6598ca36f72d6a9e.JPG,
ba767ac5b1bd17506be4c35b111548a8.JPG,ba767ac5b1bd17506be4c35b111548a8.JPG,tg: @cutekotikii,https://t.me/cutekotikii,ba767ac5b1bd17506be4c35b111548a8.JPG,
724b75e639814bda597f06f1419bf760.JPG,724b75e639814bda597f06f1419bf760.JPG,tg: @cutekotikii,https://t.me/cutekotikii,724b75e639814bda597f06f1419bf760.JPG,
8b9837f93fe27624ca913847f363ea50.JPG,8b9837f93fe27624ca913847f363ea50.JPG,tg: @cutekotikii,https://t.me/cutekotikii,8b9837f93fe27624ca913847f363ea50.JPG,
ce4173c4eaa3a375b57773e751fd7462.JPG,ce4173c4eaa3a375b57773e751fd7462.JPG,tg: @cutekotikii,https://t.me/cutekotikii,ce4173c4eaa3a375b57773e751fd7462.JPG,
3ba5f6c80fa89d358fe3be3ea7f60617.JPG,3ba5f6c80fa89d358fe3be3ea7f60617.JPG,tg: @cutekotikii,https://t.me/cutekotikii,3ba5f6c80fa89d358fe3be3ea7f60617.JPG,
390c338c25e3aca954fd8f7f8a1e393e.JPG,390c338c25e3aca954fd8f7f8a1e393e.JPG,tg: @cutekotikii,https://t.me/cutekotikii,390c338c25e3aca954fd8f7f8a1e393e.JPG,
41e1a5eca7a4485f10f7a818509520ac.JPG,41e1a5eca7a4485f10f7a818509520ac.JPG,tg: @cutekotikii,https://t.me/cutekotikii,41e1a5eca7a4485f10f7a818509520ac.JPG,
34e5b3a90044a25322309d7c60bb6661.JPG,34e5b3a90044a25322309d7c60bb6661.JPG,tg: @cutekotikii,https://t.me/cutekotikii,34e5b3a90044a25322309d7c60bb6661.JPG,
287381ea02d2ad322826d3141fb38f75.JPG,287381ea02d2ad322826d3141fb38f75.JPG,tg: @cutekotikii,https://t.me/cutekotikii,287381ea02d2ad322826d3141fb38f75.JPG,
deed65ebcad988e71900a6a15dece65e.JPG,deed65ebcad988e71900a6a15dece65e.JPG,tg: @cutekotikii,https://t.me/cutekotikii,deed65ebcad988e71900a6a15dece65e.JPG,
031567388f783e5873c5595a7a58fef4.JPG,031567388f783e5873c5595a7a58fef4.JPG,tg: @cutekotikii,https://t.me/cutekotikii,031567388f783e5873c5595a7a58fef4.JPG,
e3d53c078f4fa276c10cbeb8765b87ea.JPG,e3d53c078f4fa276c10cbeb8765b87ea.JPG,tg: @cutekotikii,https://t.me/cutekotikii,e3d53c078f4fa276c10cbeb8765b87ea.JPG,
37d5566da00cdedac5dd755a746989b8.JPG,37d5566da00cdedac5dd755a746989b8.JPG,tg: @cutekotikii,https://t.me/cutekotikii,37d5566da00cdedac5dd755a746989b8.JPG,
70581797905fa9959bc9ed463afc1de8.JPG,70581797905fa9959bc9ed463afc1de8.JPG,tg: @cutekotikii,https://t.me/cutekotikii,70581797905fa9959bc9ed463afc1de8.JPG,
2732975a9f019bd70f37b83bd036faed.JPG,2732975a9f019bd70f37b83bd036faed.JPG,tg: @cutekotikii,https://t.me/cutekotikii,2732975a9f019bd70f37b83bd036faed.JPG,
de55a4937f62c38b827ad3126a357552.JPG,de55a4937f62c38b827ad3126a357552.JPG,tg: @cutekotikii,https://t.me/cutekotikii,de55a4937f62c38b827ad3126a357552.JPG,
80a33b3f4ec75c58119e72923abb8a18.JPG,80a33b3f4ec75c58119e72923abb8a18.JPG,tg: @cutekotikii,https://t.me/cutekotikii,80a33b3f4ec75c58119e72923abb8a18.JPG,
7937082230a620f95257bf97507daaeb.JPG,7937082230a620f95257bf97507daaeb.JPG,tg: @cutekotikii,https://t.me/cutekotikii,7937082230a620f95257bf97507daaeb.JPG,
3f0b8fe4743eae3548abe292c2582850.JPG,3f0b8fe4743eae3548abe292c2582850.JPG,tg: @cutekotikii,https://t.me/cutekotikii,3f0b8fe4743eae3548abe292c2582850.JPG,
c440af0d976cf2a9fa8ec40f46426eb3.JPG,c440af0d976cf2a9fa8ec40f46426eb3.JPG,tg: @cutekotikii,https://t.me/cutekotikii,c440af0d976cf2a9fa8ec40f46426eb3.JPG,
7ba50de53a65a26fd02051ba420d60a7.JPG,7ba50de53a65a26fd02051ba420d60a7.JPG,tg: @cutekotikii,https://t.me/cutekotikii,7ba50de53a65a26fd02051ba420d60a7.JPG,
8ccab10946b12f138d75178f33164f0e.JPG,8ccab10946b12f138d75178f33164f0e.JPG,tg: @cutekotikii,https://t.me/cutekotikii,8ccab10946b12f138d75178f33164f0e.JPG,
2d12a11933c312245a85e8b0417673b9.JPG,2d12a11933c312245a85e8b0417673b9.JPG,tg: @cutekotikii,https://t.me/cutekotikii,2d12a11933c312245a85e8b0417673b9.JPG,
214c4a435d5ebab61cc4a8dafad812f5.JPG,214c4a435d5ebab61cc4a8dafad812f5.JPG,tg: @cutekotikii,https://t.me/cutekotikii,214c4a435d5ebab61cc4a8dafad812f5.JPG,
a8b1b8aa799dee931831a5846e22c2f2.JPG,a8b1b8aa799dee931831a5846e22c2f2.JPG,tg: @cutekotikii,https://t.me/cutekotikii,a8b1b8aa799dee931831a5846e22c2f2.JPG,
39f4d6e411fea6b292384d7c28c47637.JPG,39f4d6e411fea6b292384d7c28c47637.JPG,tg: @cutekotikii,https://t.me/cutekotikii,39f4d6e411fea6b292384d7c28c47637.JPG,
e26a87534543b543fb1c4459281758ea.JPG,e26a87534543b543fb1c4459281758ea.JPG,tg: @cutekotikii,https://t.me/cutekotikii,e26a87534543b543fb1c4459281758ea.JPG,
07e56d44a9a63e219d4fa390869eb2ca.JPG,07e56d44a9a63e219d4fa390869eb2ca.JPG,tg: @cutekotikii,https://t.me/cutekotikii,07e56d44a9a63e219d4fa390869eb2ca.JPG,
e8606c909a89580c0d8a0ed8a1ae5cd4.JPG,e8606c909a89580c0d8a0ed8a1ae5cd4.JPG,tg: @cutekotikii,https://t.me/cutekotikii,e8606c909a89580c0d8a0ed8a1ae5cd4.JPG,
21420e1cb26653ea7fc82fde4540c1ec.JPG,21420e1cb26653ea7fc82fde4540c1ec.JPG,tg: @cutekotikii,https://t.me/cutekotikii,21420e1cb26653ea7fc82fde4540c1ec.JPG,
97d371abed28c3328d0e7cf853419f7b.JPG,97d371abed28c3328d0e7cf853419f7b.JPG,tg: @cutekotikii,https://t.me/cutekotikii,97d371abed28c3328d0e7cf853419f7b.JPG,
51887ec8f2ae3ff5575fecb2bcd4474d.JPG,51887ec8f2ae3ff5575fecb2bcd4474d.JPG,tg: @cutekotikii,https://t.me/cutekotikii,51887ec8f2ae3ff5575fecb2bcd4474d.JPG,
60f1c989d12f930b0a7229cc72f78824.JPG,60f1c989d12f930b0a7229cc72f78824.JPG,tg: @cutekotikii,https://t.me/cutekotikii,60f1c989d12f930b0a7229cc72f78824.JPG,
5ebe167d322afc9dd5f0371ac6f30bfc.JPG,5ebe167d322afc9dd5f0371ac6f30bfc.JPG,tg: @cutekotikii,https://t.me/cutekotikii,5ebe167d322afc9dd5f0371ac6f30bfc.JPG,
cb11d5ae4c6bf2cb8c32a00ed5f1eb67.JPG,cb11d5ae4c6bf2cb8c32a00ed5f1eb67.JPG,tg: @cutekotikii,https://t.me/cutekotikii,cb11d5ae4c6bf2cb8c32a00ed5f1eb67.JPG,
4713c7ba1e61bcd08611cf7defc02a0a.JPG,4713c7ba1e61bcd08611cf7defc02a0a.JPG,tg: @cutekotikii,https://t.me/cutekotikii,4713c7ba1e61bcd08611cf7defc02a0a.JPG,
5d14f11f8ee101a4c7d3e6311f0cf6a9.JPG,5d14f11f8ee101a4c7d3e6311f0cf6a9.JPG,tg: @cutekotikii,https://t.me/cutekotikii,5d14f11f8ee101a4c7d3e6311f0cf6a9.JPG,
3c12b5e866802e089f0c7f0f47db5630.JPG,3c12b5e866802e089f0c7f0f47db5630.JPG,tg: @cutekotikii,https://t.me/cutekotikii,3c12b5e866802e089f0c7f0f47db5630.JPG,
a51a72b900c40d51bee190d6f491ed07.JPG,a51a72b900c40d51bee190d6f491ed07.JPG,tg: @cutekotikii,https://t.me/cutekotikii,a51a72b900c40d51bee190d6f491ed07.JPG,
7326de9e65d4348654754519fe8193a8.JPG,7326de9e65d4348654754519fe8193a8.JPG,tg: @cutekotikii,https://t.me/cutekotikii,7326de9e65d4348654754519fe8193a8.JPG,
c703f0c0650fdab5bdbf4583cd594748.JPG,c703f0c0650fdab5bdbf4583cd594748.JPG,tg: @cutekotikii,https://t.me/cutekotikii,c703f0c0650fdab5bdbf4583cd594748.JPG,
16a4cfbf6df61264b35f54d9d19b09ec.JPG,16a4cfbf6df61264b35f54d9d19b09ec.JPG,tg: @cutekotikii,https://t.me/cutekotikii,16a4cfbf6df61264b35f54d9d19b09ec.JPG,
abdd1f9ad0ff27f877ec3aa9953d1851.JPG,abdd1f9ad0ff27f877ec3aa9953d1851.JPG,tg: @cutekotikii,https://t.me/cutekotikii,abdd1f9ad0ff27f877ec3aa9953d1851.JPG,
d31bf467071af822417e2f7671915c43.JPG,d31bf467071af822417e2f7671915c43.JPG,tg: @cutekotikii,https://t.me/cutekotikii,d31bf467071af822417e2f7671915c43.JPG,
cae4caf78a323cde5a2e0b79ef31eab8.JPG,cae4caf78a323cde5a2e0b79ef31eab8.JPG,tg: @cutekotikii,https://t.me/cutekotikii,cae4caf78a323cde5a2e0b79ef31eab8.JPG,
a9e28bcda6afa9763e5e94d6b0b466bf.JPG,a9e28bcda6afa9763e5e94d6b0b466bf.JPG,tg: @cutekotikii,https://t.me/cutekotikii,a9e28bcda6afa9763e5e94d6b0b466bf.JPG,
a856ddb7bccc8de3729f5dd1af95c88a.JPG,a856ddb7bccc8de3729f5dd1af95c88a.JPG,tg: @cutekotikii,https://t.me/cutekotikii,a856ddb7bccc8de3729f5dd1af95c88a.JPG,
929633e27f8fd47486fd608d735818ff.JPG,929633e27f8fd47486fd608d735818ff.JPG,tg: @cutekotikii,https://t.me/cutekotikii,929633e27f8fd47486fd608d735818ff.JPG,
a7297ab27d4815483c939f924dadac4e.JPG,a7297ab27d4815483c939f924dadac4e.JPG,tg: @cutekotikii,https://t.me/cutekotikii,a7297ab27d4815483c939f924dadac4e.JPG,
75508831b2d616c49d8a3d2e526e4bc6.JPG,75508831b2d616c49d8a3d2e526e4bc6.JPG,tg: @cutekotikii,https://t.me/cutekotikii,75508831b2d616c49d8a3d2e526e4bc6.JPG,
21a04af746c13bca68ca77fde2cddc1a.JPG,21a04af746c13bca68ca77fde2cddc1a.JPG,tg: @cutekotikii,https://t.me/cutekotikii,21a04af746c13bca68ca77fde2cddc1a.JPG,
b0b0d92da179b5ec7e0a6f5dd518dc8a.JPG,b0b0d92da179b5ec7e0a6f5dd518dc8a.JPG,tg: @cutekotikii,https://t.me/cutekotikii,b0b0d92da179b5ec7e0a6f5dd518dc8a.JPG,
daa15561909efa4cfb05b727071e06ef.JPG,daa15561909efa4cfb05b727071e06ef.JPG,tg: @cutekotikii,https://t.me/cutekotikii,daa15561909efa4cfb05b727071e06ef.JPG,
7536fee1be7d6a4b2d73d4cdfd038105.JPG,7536fee1be7d6a4b2d73d4cdfd038105.JPG,tg: @cutekotikii,https://t.me/cutekotikii,7536fee1be7d6a4b2d73d4cdfd038105.JPG,
93c88b52e12a38ad76fcaeb96b135d29.JPG,93c88b52e12a38ad76fcaeb96b135d29.JPG,tg: @cutekotikii,https://t.me/cutekotikii,93c88b52e12a38ad76fcaeb96b135d29.JPG,
badc6fad630841c6e7d851a20dbe71bf.JPG,badc6fad630841c6e7d851a20dbe71bf.JPG,tg: @cutekotikii,https://t.me/cutekotikii,badc6fad630841c6e7d851a20dbe71bf.JPG,
e8d4d508c13816ad735169ee6b5e8119.JPG,e8d4d508c13816ad735169ee6b5e8119.JPG,tg: @cutekotikii,https://t.me/cutekotikii,e8d4d508c13816ad735169ee6b5e8119.JPG,
17d93c16a44c29853c8927fcdeb68999.JPG,17d93c16a44c29853c8927fcdeb68999.JPG,tg: @cutekotikii,https://t.me/cutekotikii,17d93c16a44c29853c8927fcdeb68999.JPG,
9e336833136d69440bec331bad12a068.JPG,9e336833136d69440bec331bad12a068.JPG,tg: @cutekotikii,https://t.me/cutekotikii,9e336833136d69440bec331bad12a068.JPG,
4bdb842e0da38bef32d295978ac74246.JPG,4bdb842e0da38bef32d295978ac74246.JPG,tg: @cutekotikii,https://t.me/cutekotikii,4bdb842e0da38bef32d295978ac74246.JPG,
c73d36eef80dd36ab7632fd083fbabfd.JPG,c73d36eef80dd36ab7632fd083fbabfd.JPG,tg: @cutekotikii,https://t.me/cutekotikii,c73d36eef80dd36ab7632fd083fbabfd.JPG,
a43a48ca336f37ad9301c8f2aeee26ff.JPG,a43a48ca336f37ad9301c8f2aeee26ff.JPG,tg: @cutekotikii,https://t.me/cutekotikii,a43a48ca336f37ad9301c8f2aeee26ff.JPG,
3df5bc7fb0fa1375edae049a5e2a076a.JPG,3df5bc7fb0fa1375edae049a5e2a076a.JPG,tg: @cutekotikii,https://t.me/cutekotikii,3df5bc7fb0fa1375edae049a5e2a076a.JPG,
ee15ac2b1e0a82ab10778a4789b198bf.JPG,ee15ac2b1e0a82ab10778a4789b198bf.JPG,tg: @cutekotikii,https://t.me/cutekotikii,ee15ac2b1e0a82ab10778a4789b198bf.JPG,
fef044d5caf43d935c266c207279d1bd.JPG,fef044d5caf43d935c266c207279d1bd.JPG,tg: @cutekotikii,https://t.me/cutekotikii,fef044d5caf43d935c266c207279d1bd.JPG,
5f68a9421982f843a2cd3960fda2e243.JPG,5f68a9421982f843a2cd3960fda2e243.JPG,tg: @cutekotikii,https://t.me/cutekotikii,5f68a9421982f843a2cd3960fda2e243.JPG,
064bdf2e0ab7bdca425c42cc43305ead.JPG,064bdf2e0ab7bdca425c42cc43305ead.JPG,tg: @cutekotikii,https://t.me/cutekotikii,064bdf2e0ab7bdca425c42cc43305ead.JPG,
3e76a8c6b188f9c97797c1bbbb1259d0.JPG,3e76a8c6b188f9c97797c1bbbb1259d0.JPG,tg: @cutekotikii,https://t.me/cutekotikii,3e76a8c6b188f9c97797c1bbbb1259d0.JPG,
f9c73d4ba1b97ba9e79676538ad30ce7.JPG,f9c73d4ba1b97ba9e79676538ad30ce7.JPG,tg: @cutekotikii,https://t.me/cutekotikii,f9c73d4ba1b97ba9e79676538ad30ce7.JPG,
daca33afb3e82338d27d4745a624ac71.JPG,daca33afb3e82338d27d4745a624ac71.JPG,tg: @cutekotikii,https://t.me/cutekotikii,daca33afb3e82338d27d4745a624ac71.JPG,
ed509e75e301cf594e81e901bbc4bf79.JPG,ed509e75e301cf594e81e901bbc4bf79.JPG,tg: @cutekotikii,https://t.me/cutekotikii,ed509e75e301cf594e81e901bbc4bf79.JPG,
3dd2546ae6a4072efb9340b7298fdfe3.JPG,3dd2546ae6a4072efb9340b7298fdfe3.JPG,tg: @cutekotikii,https://t.me/cutekotikii,3dd2546ae6a4072efb9340b7298fdfe3.JPG,
f389fe34cd70496160c4c3a8473438bd.JPG,f389fe34cd70496160c4c3a8473438bd.JPG,tg: @cutekotikii,https://t.me/cutekotikii,f389fe34cd70496160c4c3a8473438bd.JPG,
0a299bd14781a8f35fd1c833fde22d2a.JPG,0a299bd14781a8f35fd1c833fde22d2a.JPG,tg: @cutekotikii,https://t.me/cutekotikii,0a299bd14781a8f35fd1c833fde22d2a.JPG,
c8792544516caa023f0325bd779cc33f.JPG,c8792544516caa023f0325bd779cc33f.JPG,tg: @cutekotikii,https://t.me/cutekotikii,c8792544516caa023f0325bd779cc33f.JPG,
e8aa93bf8b4cdfbbf54455c37d7d9926.JPG,e8aa93bf8b4cdfbbf54455c37d7d9926.JPG,tg: @cutekotikii,https://t.me/cutekotikii,e8aa93bf8b4cdfbbf54455c37d7d9926.JPG,
4d0f0ecaa05af470be6a460c7e1fdf91.JPG,4d0f0ecaa05af470be6a460c7e1fdf91.JPG,tg: @cutekotikii,https://t.me/cutekotikii,4d0f0ecaa05af470be6a460c7e1fdf91.JPG,
854e68de19b4d8a276a7a4ba71f67adb.JPG,854e68de19b4d8a276a7a4ba71f67adb.JPG,tg: @cutekotikii,https://t.me/cutekotikii,854e68de19b4d8a276a7a4ba71f67adb.JPG,
5cb54e7b725e3e0bededf59c86c45bc5.JPG,5cb54e7b725e3e0bededf59c86c45bc5.JPG,tg: @cutekotikii,https://t.me/cutekotikii,5cb54e7b725e3e0bededf59c86c45bc5.JPG,
ab9d5c09e0d75da633eaf6db023fb87a.JPG,ab9d5c09e0d75da633eaf6db023fb87a.JPG,tg: @cutekotikii,https://t.me/cutekotikii,ab9d5c09e0d75da633eaf6db023fb87a.JPG,
2d8532e8cbb0676ecb78c373126d9819.JPG,2d8532e8cbb0676ecb78c373126d9819.JPG,tg: @cutekotikii,https://t.me/cutekotikii,2d8532e8cbb0676ecb78c373126d9819.JPG,
aeab7ded7ce01afa7901e3c3ba9f912d.JPG,aeab7ded7ce01afa7901e3c3ba9f912d.JPG,tg: @cutekotikii,https://t.me/cutekotikii,aeab7ded7ce01afa7901e3c3ba9f912d.JPG,
aa8d79174160fa92cecfd31de2c6844a.JPG,aa8d79174160fa92cecfd31de2c6844a.JPG,tg: @cutekotikii,https://t.me/cutekotikii,aa8d79174160fa92cecfd31de2c6844a.JPG,
e345c8b6827aa53116ccfc6c8601b13b.JPG,e345c8b6827aa53116ccfc6c8601b13b.JPG,tg: @cutekotikii,https://t.me/cutekotikii,e345c8b6827aa53116ccfc6c8601b13b.JPG,
ce6b55c76396de6654a10b67fc6324b0.JPG,ce6b55c76396de6654a10b67fc6324b0.JPG,tg: @cutekotikii,https://t.me/cutekotikii,ce6b55c76396de6654a10b67fc6324b0.JPG,
66c71fd1c9db5745fa3d795a4725213e.JPG,66c71fd1c9db5745fa3d795a4725213e.JPG,tg: @cutekotikii,https://t.me/cutekotikii,66c71fd1c9db5745fa3d795a4725213e.JPG,
62fc90d547e264c5735459b618f8bf31.JPG,62fc90d547e264c5735459b618f8bf31.JPG,tg: @cutekotikii,https://t.me/cutekotikii,62fc90d547e264c5735459b618f8bf31.JPG,
2203a2648bdebbe9ada9f2221bbcfa4b.JPG,2203a2648bdebbe9ada9f2221bbcfa4b.JPG,tg: @cutekotikii,https://t.me/cutekotikii,2203a2648bdebbe9ada9f2221bbcfa4b.JPG,
97ffc145b175230c400a9457a5c6e532.JPG,97ffc145b175230c400a9457a5c6e532.JPG,tg: @cutekotikii,https://t.me/cutekotikii,97ffc145b175230c400a9457a5c6e532.JPG,
afa3ac1c34cc2876c0f86d672dbe0983.JPG,afa3ac1c34cc2876c0f86d672dbe0983.JPG,tg: @cutekotikii,https://t.me/cutekotikii,afa3ac1c34cc2876c0f86d672dbe0983.JPG,
60cf6940d2dfd7bbde74619171ed3af9.JPG,60cf6940d2dfd7bbde74619171ed3af9.JPG,tg: @cutekotikii,https://t.me/cutekotikii,60cf6940d2dfd7bbde74619171ed3af9.JPG,
85aa36bff6993c5186ae11dc3c711564.JPG,85aa36bff6993c5186ae11dc3c711564.JPG,tg: @cutekotikii,https://t.me/cutekotikii,85aa36bff6993c5186ae11dc3c711564.JPG,
c5ffc86ea475bd2a65a94f49d1420edf.JPG,c5ffc86ea475bd2a65a94f49d1420edf.JPG,tg: @cutekotikii,https://t.me/cutekotikii,c5ffc86ea475bd2a65a94f49d1420edf.JPG,
b550f34cdf5ee8901daa6742f2a32ca3.JPG,b550f34cdf5ee8901daa6742f2a32ca3.JPG,tg: @cutekotikii,https://t.me/cutekotikii,b550f34cdf5ee8901daa6742f2a32ca3.JPG,
6.JPG,6.JPG,tg: @cutekotikii,https://t.me/cutekotikii,6.JPG,
9bd987503ac087c8df786afcdcaa647c.JPG,9bd987503ac087c8df786afcdcaa647c.JPG,tg: @cutekotikii,https://t.me/cutekotikii,9bd987503ac087c8df786afcdcaa647c.JPG,
bfc521c24b905d9dbb3153ea242dad16.JPG,bfc521c24b905d9dbb3153ea242dad16.JPG,tg: @cutekotikii,https://t.me/cutekotikii,bfc521c24b905d9dbb3153ea242dad16.JPG,
cc2b6802ca558d36d4a9b06c02b94018.JPG,cc2b6802ca558d36d4a9b06c02b94018.JPG,tg: @cutekotikii,https://t.me/cutekotikii,cc2b6802ca558d36d4a9b06c02b94018.JPG,
7bb2f964168e9bce373b61f79bd667e0.JPG,7bb2f964168e9bce373b61f79bd667e0.JPG,tg: @cutekotikii,https://t.me/cutekotikii,7bb2f964168e9bce373b61f79bd667e0.JPG,
09f41c0078171eda695b4ce5b9ed1083.JPG,09f41c0078171eda695b4ce5b9ed1083.JPG,tg: @cutekotikii,https://t.me/cutekotikii,09f41c0078171eda695b4ce5b9ed1083.JPG,
77e47b245b16c57563b41058dddf96f2.JPG,77e47b245b16c57563b41058dddf96f2.JPG,tg: @cutekotikii,https://t.me/cutekotikii,77e47b245b16c57563b41058dddf96f2.JPG,
98142c7df1c9f9aed2efda7e0675da57.JPG,98142c7df1c9f9aed2efda7e0675da57.JPG,tg: @cutekotikii,https://t.me/cutekotikii,98142c7df1c9f9aed2efda7e0675da57.JPG,
00d65720507e9e1c85077391086cd6fe.JPG,00d65720507e9e1c85077391086cd6fe.JPG,tg: @cutekotikii,https://t.me/cutekotikii,00d65720507e9e1c85077391086cd6fe.JPG,
b9be5c220e7a6a3e232dc40472a8dd8c.JPG,b9be5c220e7a6a3e232dc40472a8dd8c.JPG,tg: @cutekotikii,https://t.me/cutekotikii,b9be5c220e7a6a3e232dc40472a8dd8c.JPG,
ec54c63e469632dcd2995b409c6051a7.JPG,ec54c63e469632dcd2995b409c6051a7.JPG,tg: @cutekotikii,https://t.me/cutekotikii,ec54c63e469632dcd2995b409c6051a7.JPG,
de1484650fe67fe7c492f60ad5e67914.JPG,de1484650fe67fe7c492f60ad5e67914.JPG,tg: @cutekotikii,https://t.me/cutekotikii,de1484650fe67fe7c492f60ad5e67914.JPG,
6b89cc058669bb272d6ea806ed94a6a5.JPG,6b89cc058669bb272d6ea806ed94a6a5.JPG,tg: @cutekotikii,https://t.me/cutekotikii,6b89cc058669bb272d6ea806ed94a6a5.JPG,
e7d0201270089e6f8679606ef6351780.JPG,e7d0201270089e6f8679606ef6351780.JPG,tg: @cutekotikii,https://t.me/cutekotikii,e7d0201270089e6f8679606ef6351780.JPG,
1a0b4dd06cc8de84414005375c01d667.JPG,1a0b4dd06cc8de84414005375c01d667.JPG,tg: @cutekotikii,https://t.me/cutekotikii,1a0b4dd06cc8de84414005375c01d667.JPG,
4c389e69ac0ab149a597e15ba0f8c9c4.JPG,4c389e69ac0ab149a597e15ba0f8c9c4.JPG,tg: @cutekotikii,https://t.me/cutekotikii,4c389e69ac0ab149a597e15ba0f8c9c4.JPG,
431b2ded4d7b311d0b2865eb0afda64b.JPG,431b2ded4d7b311d0b2865eb0afda64b.JPG,tg: @cutekotikii,https://t.me/cutekotikii,431b2ded4d7b311d0b2865eb0afda64b.JPG,
dfae94b1c8686240e1fda3ba1cecc988.JPG,dfae94b1c8686240e1fda3ba1cecc988.JPG,tg: @cutekotikii,https://t.me/cutekotikii,dfae94b1c8686240e1fda3ba1cecc988.JPG,
b29deb09e3fa4445ff1865f4126d7e9e.JPG,b29deb09e3fa4445ff1865f4126d7e9e.JPG,tg: @cutekotikii,https://t.me/cutekotikii,b29deb09e3fa4445ff1865f4126d7e9e.JPG,
4e51faa4508aacd09639c9ea0c7c52e5.JPG,4e51faa4508aacd09639c9ea0c7c52e5.JPG,tg: @cutekotikii,https://t.me/cutekotikii,4e51faa4508aacd09639c9ea0c7c52e5.JPG,
0d92e48f6d5e042842005aec9d9958ed.JPG,0d92e48f6d5e042842005aec9d9958ed.JPG,tg: @cutekotikii,https://t.me/cutekotikii,0d92e48f6d5e042842005aec9d9958ed.JPG,
0e7abd83f8a747d3ff81ff25880b9122.JPG,0e7abd83f8a747d3ff81ff25880b9122.JPG,tg: @cutekotikii,https://t.me/cutekotikii,0e7abd83f8a747d3ff81ff25880b9122.JPG,
b4eef88a04d091ef2359e8cba6d53b48.JPG,b4eef88a04d091ef2359e8cba6d53b48.JPG,tg: @cutekotikii,https://t.me/cutekotikii,b4eef88a04d091ef2359e8cba6d53b48.JPG,
23649b15e263e1a170d5d29095eebb1c.JPG,23649b15e263e1a170d5d29095eebb1c.JPG,tg: @cutekotikii,https://t.me/cutekotikii,23649b15e263e1a170d5d29095eebb1c.JPG,
5349e64e580e0c597af3620a8a0b7a0e.JPG,5349e64e580e0c597af3620a8a0b7a0e.JPG,tg: @cutekotikii,https://t.me/cutekotikii,5349e64e580e0c597af3620a8a0b7a0e.JPG,
93ba714674b8f822c3f0300c8ff52acc.JPG,93ba714674b8f822c3f0300c8ff52acc.JPG,tg: @cutekotikii,https://t.me/cutekotikii,93ba714674b8f822c3f0300c8ff52acc.JPG,
01e1fcbe7fa07df6ce85f10e4db76c66.JPG,01e1fcbe7fa07df6ce85f10e4db76c66.JPG,tg: @cutekotikii,https://t.me/cutekotikii,01e1fcbe7fa07df6ce85f10e4db76c66.JPG,
IMG_20230723_001723_751.JPG,IMG_20230723_001723_751.JPG,tg: @cutekotikii,https://t.me/cutekotikii,IMG_20230723_001723_751.JPG,
IMG_20230723_143254_633.JPG,IMG_20230723_143254_633.JPG,tg: @cutekotikii,https://t.me/cutekotikii,IMG_20230723_143254_633.JPG,
489ca967cf91fa45.JPG,489ca967cf91fa45.JPG,tg: @cutekotikii,https://t.me/cutekotikii,489ca967cf91fa45.JPG,
IMG_20230720_113708_038.JPG,IMG_20230720_113708_038.JPG,tg: @cutekotikii,https://t.me/cutekotikii,IMG_20230720_113708_038.JPG,
IMG_20230721_222615_131.JPG,IMG_20230721_222615_131.JPG,tg: @cutekotikii,https://t.me/cutekotikii,IMG_20230721_222615_131.JPG,
IMG_20230721_222539_705.JPG,IMG_20230721_222539_705.JPG,tg: @cutekotikii,https://t.me/cutekotikii,IMG_20230721_222539_705.JPG,
IMG_20230720_174938_479.JPG,IMG_20230720_174938_479.JPG,tg: @cutekotikii,https://t.me/cutekotikii,IMG_20230720_174938_479.JPG,
edcfed1e5629680e13c06012f57c06bb.JPG,edcfed1e5629680e13c06012f57c06bb.JPG,tg: @cutekotikii,https://t.me/cutekotikii,edcfed1e5629680e13c06012f57c06bb.JPG,
25b8d9018585f261da05c91c666573f9.JPG,25b8d9018585f261da05c91c666573f9.JPG,tg: @cutekotikii,https://t.me/cutekotikii,25b8d9018585f261da05c91c666573f9.JPG,
7af020813a084ec7a75f03e8b2cbcd31.JPG,7af020813a084ec7a75f03e8b2cbcd31.JPG,tg: @cutekotikii,https://t.me/cutekotikii,7af020813a084ec7a75f03e8b2cbcd31.JPG,
e1520727e97f52f99f17fdb8cdd694f4.JPG,e1520727e97f52f99f17fdb8cdd694f4.JPG,tg: @cutekotikii,https://t.me/cutekotikii,e1520727e97f52f99f17fdb8cdd694f4.JPG,
2f7a837e395abb67496389315e27d4df.JPG,2f7a837e395abb67496389315e27d4df.JPG,tg: @cutekotikii,https://t.me/cutekotikii,2f7a837e395abb67496389315e27d4df.JPG,
bc5c06de2a7f21564b6360d541d8356c.JPG,bc5c06de2a7f21564b6360d541d8356c.JPG,tg: @cutekotikii,https://t.me/cutekotikii,bc5c06de2a7f21564b6360d541d8356c.JPG,
f2c60dc46133b2056488bcee24bde8b9.JPG,f2c60dc46133b2056488bcee24bde8b9.JPG,tg: @cutekotikii,https://t.me/cutekotikii,f2c60dc46133b2056488bcee24bde8b9.JPG,
05849dc3efd3a69cfb955bcf345d6cf5.JPG,05849dc3efd3a69cfb955bcf345d6cf5.JPG,tg: @cutekotikii,https://t.me/cutekotikii,05849dc3efd3a69cfb955bcf345d6cf5.JPG,
f6bcd42edd17033d3a9dcfb9511ad09c.JPG,f6bcd42edd17033d3a9dcfb9511ad09c.JPG,tg: @cutekotikii,https://t.me/cutekotikii,f6bcd42edd17033d3a9dcfb9511ad09c.JPG,
bb05706fbe57d648a2977c6dcfb6b950.JPG,bb05706fbe57d648a2977c6dcfb6b950.JPG,tg: @cutekotikii,https://t.me/cutekotikii,bb05706fbe57d648a2977c6dcfb6b950.JPG,
3e7a27a7087b2c567b7d11a7c5683894.JPG,3e7a27a7087b2c567b7d11a7c5683894.JPG,tg: @cutekotikii,https://t.me/cutekotikii,3e7a27a7087b2c567b7d11a7c5683894.JPG,
7951d503a017b91fded4536af2141fa9.JPG,7951d503a017b91fded4536af2141fa9.JPG,tg: @cutekotikii,https://t.me/cutekotikii,7951d503a017b91fded4536af2141fa9.JPG,
4830e21d5693d81b95cf4d729e54757a.JPG,4830e21d5693d81b95cf4d729e54757a.JPG,tg: @cutekotikii,https://t.me/cutekotikii,4830e21d5693d81b95cf4d729e54757a.JPG,
ba83a0a6d5f928ce67a368f64b3c2ba9.JPG,ba83a0a6d5f928ce67a368f64b3c2ba9.JPG,tg: @cutekotikii,https://t.me/cutekotikii,ba83a0a6d5f928ce67a368f64b3c2ba9.JPG,
85e79598dcea1bdd7bcb1e9ee7f8416f.JPG,85e79598dcea1bdd7bcb1e9ee7f8416f.JPG,tg: @cutekotikii,https://t.me/cutekotikii,85e79598dcea1bdd7bcb1e9ee7f8416f.JPG,
73bd276ed2561306e93bf537d501176d.JPG,73bd276ed2561306e93bf537d501176d.JPG,tg: @cutekotikii,https://t.me/cutekotikii,73bd276ed2561306e93bf537d501176d.JPG,
8c30d27f90ce4b20cec37ab241d45145.JPG,8c30d27f90ce4b20cec37ab241d45145.JPG,tg: @cutekotikii,https://t.me/cutekotikii,8c30d27f90ce4b20cec37ab241d45145.JPG,
2c354501fc8e649272542001a565a13f.JPG,2c354501fc8e649272542001a565a13f.JPG,tg: @cutekotikii,https://t.me/cutekotikii,2c354501fc8e649272542001a565a13f.JPG,
e4d054c0e744eb5b1e9fa73e7729e634.JPG,e4d054c0e744eb5b1e9fa73e7729e634.JPG,tg: @cutekotikii,https://t.me/cutekotikii,e4d054c0e744eb5b1e9fa73e7729e634.JPG,
7eeadba32746672dfebc86c110642c3a.JPG,7eeadba32746672dfebc86c110642c3a.JPG,tg: @cutekotikii,https://t.me/cutekotikii,7eeadba32746672dfebc86c110642c3a.JPG,
fbe1cf7ed9be5d1d94de5a88f7d0be50.JPG,fbe1cf7ed9be5d1d94de5a88f7d0be50.JPG,tg: @cutekotikii,https://t.me/cutekotikii,fbe1cf7ed9be5d1d94de5a88f7d0be50.JPG,
33fbc2da7fc4d796fe2bccb01792a492.JPG,33fbc2da7fc4d796fe2bccb01792a492.JPG,tg: @cutekotikii,https://t.me/cutekotikii,33fbc2da7fc4d796fe2bccb01792a492.JPG,
c5220463a2146cfc96979a8968ccb243.JPG,c5220463a2146cfc96979a8968ccb243.JPG,tg: @cutekotikii,https://t.me/cutekotikii,c5220463a2146cfc96979a8968ccb243.JPG,
1aeed15ced66cbb0911bd8a9c360ff97.JPG,1aeed15ced66cbb0911bd8a9c360ff97.JPG,tg: @cutekotikii,https://t.me/cutekotikii,1aeed15ced66cbb0911bd8a9c360ff97.JPG,
7dbf761cbd3dd00996ec28f7baa28420.JPG,7dbf761cbd3dd00996ec28f7baa28420.JPG,tg: @cutekotikii,https://t.me/cutekotikii,7dbf761cbd3dd00996ec28f7baa28420.JPG,
2176500d525c1f6053987397942798c1.JPG,2176500d525c1f6053987397942798c1.JPG,tg: @cutekotikii,https://t.me/cutekotikii,2176500d525c1f6053987397942798c1.JPG,
804f899865493a26a22d214ed8dacad2.JPG,804f899865493a26a22d214ed8dacad2.JPG,tg: @cutekotikii,https://t.me/cutekotikii,804f899865493a26a22d214ed8dacad2.JPG,
1a21dc2371706a412708b6947dfccc62.JPG,1a21dc2371706a412708b6947dfccc62.JPG,tg: @cutekotikii,https://t.me/cutekotikii,1a21dc2371706a412708b6947dfccc62.JPG,
161a2e3548bad822b8335167ffd8e6e9.JPG,161a2e3548bad822b8335167ffd8e6e9.JPG,tg: @cutekotikii,https://t.me/cutekotikii,161a2e3548bad822b8335167ffd8e6e9.JPG,
5cfa62644628c7c10979458d3f1bd76f.JPG,5cfa62644628c7c10979458d3f1bd76f.JPG,tg: @cutekotikii,https://t.me/cutekotikii,5cfa62644628c7c10979458d3f1bd76f.JPG,
e6ebae82954c490b8b53b34c65be9e38.JPG,e6ebae82954c490b8b53b34c65be9e38.JPG,tg: @cutekotikii,https://t.me/cutekotikii,e6ebae82954c490b8b53b34c65be9e38.JPG,
de6b1ad35ae85aaa7bd2b4d3d818c9de.JPG,de6b1ad35ae85aaa7bd2b4d3d818c9de.JPG,tg: @cutekotikii,https://t.me/cutekotikii,de6b1ad35ae85aaa7bd2b4d3d818c9de.JPG,
9b2ae00a18d261d763b62a22fd1b1280.JPG,9b2ae00a18d261d763b62a22fd1b1280.JPG,tg: @cutekotikii,https://t.me/cutekotikii,9b2ae00a18d261d763b62a22fd1b1280.JPG,
43bf6b59dfeed9a1784fea1899c1702f.JPG,43bf6b59dfeed9a1784fea1899c1702f.JPG,tg: @cutekotikii,https://t.me/cutekotikii,43bf6b59dfeed9a1784fea1899c1702f.JPG,
f64e9fbbfe9cdaabef948e52896b6ecc.JPG,f64e9fbbfe9cdaabef948e52896b6ecc.JPG,tg: @cutekotikii,https://t.me/cutekotikii,f64e9fbbfe9cdaabef948e52896b6ecc.JPG,
ee8e657c8209cb0664169b0e35111266.JPG,ee8e657c8209cb0664169b0e35111266.JPG,tg: @cutekotikii,https://t.me/cutekotikii,ee8e657c8209cb0664169b0e35111266.JPG,
7d7e559a83ef6c993ce9dcfcef3acf42.JPG,7d7e559a83ef6c993ce9dcfcef3acf42.JPG,tg: @cutekotikii,https://t.me/cutekotikii,7d7e559a83ef6c993ce9dcfcef3acf42.JPG,
2099d09e51ba023c7b66546f99613329.JPG,2099d09e51ba023c7b66546f99613329.JPG,tg: @cutekotikii,https://t.me/cutekotikii,2099d09e51ba023c7b66546f99613329.JPG,
0964944fc56627ec5db17127d077b955.JPG,0964944fc56627ec5db17127d077b955.JPG,tg: @cutekotikii,https://t.me/cutekotikii,0964944fc56627ec5db17127d077b955.JPG,
2b4c15ac801661da56ee2acc15146611.JPG,2b4c15ac801661da56ee2acc15146611.JPG,tg: @cutekotikii,https://t.me/cutekotikii,2b4c15ac801661da56ee2acc15146611.JPG,
b788df7017789eb1160c1c33ce2cbd66.JPG,b788df7017789eb1160c1c33ce2cbd66.JPG,tg: @cutekotikii,https://t.me/cutekotikii,b788df7017789eb1160c1c33ce2cbd66.JPG,
e110532a52552969cf4385af3c6213d1.JPG,e110532a52552969cf4385af3c6213d1.JPG,tg: @cutekotikii,https://t.me/cutekotikii,e110532a52552969cf4385af3c6213d1.JPG,
5db35ff2f5a67343cab5917bc47e3bc9.JPG,5db35ff2f5a67343cab5917bc47e3bc9.JPG,tg: @cutekotikii,https://t.me/cutekotikii,5db35ff2f5a67343cab5917bc47e3bc9.JPG,
2279914ca32a5ce5a5cf4f00acbee173.JPG,2279914ca32a5ce5a5cf4f00acbee173.JPG,tg: @cutekotikii,https://t.me/cutekotikii,2279914ca32a5ce5a5cf4f00acbee173.JPG,
9dd0dcfa523dec21e30b94a3a814157f.JPG,9dd0dcfa523dec21e30b94a3a814157f.JPG,tg: @cutekotikii,https://t.me/cutekotikii,9dd0dcfa523dec21e30b94a3a814157f.JPG,
IMG_20230719_190932_615.JPG,IMG_20230719_190932_615.JPG,tg: @cutekotikii,https://t.me/cutekotikii,IMG_20230719_190932_615.JPG,
36712d98b20099eff1e404b667958e4b.JPG,36712d98b20099eff1e404b667958e4b.JPG,tg: @cutekotikii,https://t.me/cutekotikii,36712d98b20099eff1e404b667958e4b.JPG,
3a051b8b21a08ed9c049d4685ed186ef.JPG,3a051b8b21a08ed9c049d4685ed186ef.JPG,tg: @cutekotikii,https://t.me/cutekotikii,3a051b8b21a08ed9c049d4685ed186ef.JPG,
fd997cd5fe0bbc6aa81155744685240c.JPG,fd997cd5fe0bbc6aa81155744685240c.JPG,tg: @cutekotikii,https://t.me/cutekotikii,fd997cd5fe0bbc6aa81155744685240c.JPG,
40b5efe1e8c72ebe9926e2b61e170527.JPG,40b5efe1e8c72ebe9926e2b61e170527.JPG,tg: @cutekotikii,https://t.me/cutekotikii,40b5efe1e8c72ebe9926e2b61e170527.JPG,
e182efd0d94d4743272ac57142ae21ea.JPG,e182efd0d94d4743272ac57142ae21ea.JPG,tg: @cutekotikii,https://t.me/cutekotikii,e182efd0d94d4743272ac57142ae21ea.JPG,
881bf6d5a06ceca8.JPG,881bf6d5a06ceca8.JPG,tg: @cutekotikii,https://t.me/cutekotikii,881bf6d5a06ceca8.JPG,
10e868aa8955caff4660bb4e29a5711b.JPG,10e868aa8955caff4660bb4e29a5711b.JPG,tg: @cutekotikii,https://t.me/cutekotikii,10e868aa8955caff4660bb4e29a5711b.JPG,
IMG_20230719_105045_758.JPG,IMG_20230719_105045_758.JPG,tg: @cutekotikii,https://t.me/cutekotikii,IMG_20230719_105045_758.JPG,
a8d03cf2509a1e2cee294693e05f2522.JPG,a8d03cf2509a1e2cee294693e05f2522.JPG,tg: @cutekotikii,https://t.me/cutekotikii,a8d03cf2509a1e2cee294693e05f2522.JPG,
IMG_20230719_113130_724.JPG,IMG_20230719_113130_724.JPG,tg: @cutekotikii,https://t.me/cutekotikii,IMG_20230719_113130_724.JPG,
cbfb0732d8035393337f6fdcf81c2ccd.JPG,cbfb0732d8035393337f6fdcf81c2ccd.JPG,tg: @cutekotikii,https://t.me/cutekotikii,cbfb0732d8035393337f6fdcf81c2ccd.JPG,
347a5b74d82d001344e6a82fdf9aaade.JPG,347a5b74d82d001344e6a82fdf9aaade.JPG,tg: @cutekotikii,https://t.me/cutekotikii,347a5b74d82d001344e6a82fdf9aaade.JPG,
IMG_20230719_110559_736.JPG,IMG_20230719_110559_736.JPG,tg: @cutekotikii,https://t.me/cutekotikii,IMG_20230719_110559_736.JPG,
d9d7eeb07f4b50ca0c2d0e926ceeb7f7.JPG,d9d7eeb07f4b50ca0c2d0e926ceeb7f7.JPG,tg: @cutekotikii,https://t.me/cutekotikii,d9d7eeb07f4b50ca0c2d0e926ceeb7f7.JPG,
7355485b9d041ef184ba695b9a95adf0.JPG,7355485b9d041ef184ba695b9a95adf0.JPG,tg: @cutekotikii,https://t.me/cutekotikii,7355485b9d041ef184ba695b9a95adf0.JPG,
e9451b2b3383f5a27771e2e90a8fe658.JPG,e9451b2b3383f5a27771e2e90a8fe658.JPG,tg: @cutekotikii,https://t.me/cutekotikii,e9451b2b3383f5a27771e2e90a8fe658.JPG,
8bafc94da57f21e42ca08c8945f69fd4.JPG,8bafc94da57f21e42ca08c8945f69fd4.JPG,tg: @cutekotikii,https://t.me/cutekotikii,8bafc94da57f21e42ca08c8945f69fd4.JPG,
7c40560703df6d4112b32a9027ee2dbf.JPG,7c40560703df6d4112b32a9027ee2dbf.JPG,tg: @cutekotikii,https://t.me/cutekotikii,7c40560703df6d4112b32a9027ee2dbf.JPG,
eadddeaf37c96f11d42ac7eedb2220a6.JPG,eadddeaf37c96f11d42ac7eedb2220a6.JPG,tg: @cutekotikii,https://t.me/cutekotikii,eadddeaf37c96f11d42ac7eedb2220a6.JPG,
271fac25b24cd8c4b5faca4231dda41f.JPG,271fac25b24cd8c4b5faca4231dda41f.JPG,tg: @cutekotikii,https://t.me/cutekotikii,271fac25b24cd8c4b5faca4231dda41f.JPG,
46a81d0991b6362da60bda9dc282ba61.JPG,46a81d0991b6362da60bda9dc282ba61.JPG,tg: @cutekotikii,https://t.me/cutekotikii,46a81d0991b6362da60bda9dc282ba61.JPG,
0def8b4e8e5d0c617afd9fec78678611.JPG,0def8b4e8e5d0c617afd9fec78678611.JPG,tg: @cutekotikii,https://t.me/cutekotikii,0def8b4e8e5d0c617afd9fec78678611.JPG,
bffab1c1e34fc13324899b0878565182.JPG,bffab1c1e34fc13324899b0878565182.JPG,tg: @cutekotikii,https://t.me/cutekotikii,bffab1c1e34fc13324899b0878565182.JPG,
89984ed3b9d9d5f51168f9cf5dd31794.JPG,89984ed3b9d9d5f51168f9cf5dd31794.JPG,tg: @cutekotikii,https://t.me/cutekotikii,89984ed3b9d9d5f51168f9cf5dd31794.JPG,
54212bbedf6e2ae6709b53a46b3ed903.JPG,54212bbedf6e2ae6709b53a46b3ed903.JPG,tg: @cutekotikii,https://t.me/cutekotikii,54212bbedf6e2ae6709b53a46b3ed903.JPG,
5ade164ec617d4565e48e2515901fdc4.JPG,5ade164ec617d4565e48e2515901fdc4.JPG,tg: @cutekotikii,https://t.me/cutekotikii,5ade164ec617d4565e48e2515901fdc4.JPG,
2899695cf8c0843820fd111d00164c7f.JPG,2899695cf8c0843820fd111d00164c7f.JPG,tg: @cutekotikii,https://t.me/cutekotikii,2899695cf8c0843820fd111d00164c7f.JPG,
6e5f86a672a8f68e66fc5d48fe6c45f6.JPG,6e5f86a672a8f68e66fc5d48fe6c45f6.JPG,tg: @cutekotikii,https://t.me/cutekotikii,6e5f86a672a8f68e66fc5d48fe6c45f6.JPG,
IMG_20230713_194421_772.JPG,IMG_20230713_194421_772.JPG,tg: @cutekotikii,https://t.me/cutekotikii,IMG_20230713_194421_772.JPG,
3154bca516333b1b0e3254c9f139c116.JPG,3154bca516333b1b0e3254c9f139c116.JPG,tg: @cutekotikii,https://t.me/cutekotikii,3154bca516333b1b0e3254c9f139c116.JPG,
b363400f1cf96297fc81a8a24d4c1377.JPG,b363400f1cf96297fc81a8a24d4c1377.JPG,tg: @cutekotikii,https://t.me/cutekotikii,b363400f1cf96297fc81a8a24d4c1377.JPG,
94d82a25d96aeb2b0288e56048407576.JPG,94d82a25d96aeb2b0288e56048407576.JPG,tg: @cutekotikii,https://t.me/cutekotikii,94d82a25d96aeb2b0288e56048407576.JPG,
3ae0084aa9fab23da2d6f32827476236.JPG,3ae0084aa9fab23da2d6f32827476236.JPG,tg: @cutekotikii,https://t.me/cutekotikii,3ae0084aa9fab23da2d6f32827476236.JPG,
IMG_20230707_180246_902.JPG,IMG_20230707_180246_902.JPG,tg: @cutekotikii,https://t.me/cutekotikii,IMG_20230707_180246_902.JPG,
IMG_20230705_100442_272.JPG,IMG_20230705_100442_272.JPG,tg: @cutekotikii,https://t.me/cutekotikii,IMG_20230705_100442_272.JPG,
IMG_20230706_103001.JPG,IMG_20230706_103001.JPG,tg: @cutekotikii,https://t.me/cutekotikii,IMG_20230706_103001.JPG,
IMG_20230705_234034_601.JPG,IMG_20230705_234034_601.JPG,tg: @cutekotikii,https://t.me/cutekotikii,IMG_20230705_234034_601.JPG,
IMG_20230706_103023.JPG,IMG_20230706_103023.JPG,tg: @cutekotikii,https://t.me/cutekotikii,IMG_20230706_103023.JPG,
IMG_20230706_103039.JPG,IMG_20230706_103039.JPG,tg: @cutekotikii,https://t.me/cutekotikii,IMG_20230706_103039.JPG,
IMG_20230706_103055.JPG,IMG_20230706_103055.JPG,tg: @cutekotikii,https://t.me/cutekotikii,IMG_20230706_103055.JPG,
IMG_20230706_103124.JPG,IMG_20230706_103124.JPG,tg: @cutekotikii,https://t.me/cutekotikii,IMG_20230706_103124.JPG,
IMG_20230706_103109.JPG,IMG_20230706_103109.JPG,tg: @cutekotikii,https://t.me/cutekotikii,IMG_20230706_103109.JPG,
IMG_20230706_103148.JPG,IMG_20230706_103148.JPG,tg: @cutekotikii,https://t.me/cutekotikii,IMG_20230706_103148.JPG,
IMG_20230706_103207.JPG,IMG_20230706_103207.JPG,tg: @cutekotikii,https://t.me/cutekotikii,IMG_20230706_103207.JPG,
IMG_20230703_124951_230.JPG,IMG_20230703_124951_230.JPG,tg: @cutekotikii,https://t.me/cutekotikii,IMG_20230703_124951_230.JPG,
894de13adafe8d0424eae0d634ae1bb2.JPG,894de13adafe8d0424eae0d634ae1bb2.JPG,tg: @cutekotikii,https://t.me/cutekotikii,894de13adafe8d0424eae0d634ae1bb2.JPG,
IMG_20230703_125338_785.JPG,IMG_20230703_125338_785.JPG,tg: @cutekotikii,https://t.me/cutekotikii,IMG_20230703_125338_785.JPG,
IMG_20230630_102329_655.JPG,IMG_20230630_102329_655.JPG,tg: @cutekotikii,https://t.me/cutekotikii,IMG_20230630_102329_655.JPG,
IMG_20230630_112335_553.JPG,IMG_20230630_112335_553.JPG,tg: @cutekotikii,https://t.me/cutekotikii,IMG_20230630_112335_553.JPG,
IMG_20230110_100854_121.JPG,IMG_20230110_100854_121.JPG,tg: @cutekotikii,https://t.me/cutekotikii,IMG_20230110_100854_121.JPG,
dc66e0da39b947229ded77b68577be40.JPG,dc66e0da39b947229ded77b68577be40.JPG,tg: @cutekotikii,https://t.me/cutekotikii,dc66e0da39b947229ded77b68577be40.JPG,
IMG_20221224_185618_534.JPG,IMG_20221224_185618_534.JPG,tg: @cutekotikii,https://t.me/cutekotikii,IMG_20221224_185618_534.JPG,
nseg-ox_zTk.JPG,nseg-ox_zTk.JPG,tg: @cutekotikii,https://t.me/cutekotikii,nseg-ox_zTk.JPG,
d7b5beb730ba7e2c06ab77f50d0327bc.JPG,d7b5beb730ba7e2c06ab77f50d0327bc.JPG,tg: @cutekotikii,https://t.me/cutekotikii,d7b5beb730ba7e2c06ab77f50d0327bc.JPG,
IMG_20230601_104105_757.JPG,IMG_20230601_104105_757.JPG,tg: @cutekotikii,https://t.me/cutekotikii,IMG_20230601_104105_757.JPG,
F9OVOCaYL2Y.JPG,F9OVOCaYL2Y.JPG,tg: @cutekotikii,https://t.me/cutekotikii,F9OVOCaYL2Y.JPG,
IMG_20230610_111619_940.JPG,IMG_20230610_111619_940.JPG,tg: @cutekotikii,https://t.me/cutekotikii,IMG_20230610_111619_940.JPG,
IMG_20230522_221143_303.JPG,IMG_20230522_221143_303.JPG,tg: @cutekotikii,https://t.me/cutekotikii,IMG_20230522_221143_303.JPG,
IMG_20221116_145206_908.JPG,IMG_20221116_145206_908.JPG,tg: @cutekotikii,https://t.me/cutekotikii,IMG_20221116_145206_908.JPG,
IMG_20230617_001107_553.JPG,IMG_20230617_001107_553.JPG,tg: @cutekotikii,https://t.me/cutekotikii,IMG_20230617_001107_553.JPG,
IMG_20221003_215306_177.JPG,IMG_20221003_215306_177.JPG,tg: @cutekotikii,https://t.me/cutekotikii,IMG_20221003_215306_177.JPG,
IMG_20230522_221416_319.JPG,IMG_20230522_221416_319.JPG,tg: @cutekotikii,https://t.me/cutekotikii,IMG_20230522_221416_319.JPG,
IMG_20230601_104103_146.JPG,IMG_20230601_104103_146.JPG,tg: @cutekotikii,https://t.me/cutekotikii,IMG_20230601_104103_146.JPG,
IMG_20220814_182847_656.JPG,IMG_20220814_182847_656.JPG,tg: @cutekotikii,https://t.me/cutekotikii,IMG_20220814_182847_656.JPG,
IMG_20221012_085558_447.JPG,IMG_20221012_085558_447.JPG,tg: @cutekotikii,https://t.me/cutekotikii,IMG_20221012_085558_447.JPG,
IMG_20220917_093322_541.JPG,IMG_20220917_093322_541.JPG,tg: @cutekotikii,https://t.me/cutekotikii,IMG_20220917_093322_541.JPG,
IMG_20221002_215059_923.JPG,IMG_20221002_215059_923.JPG,tg: @cutekotikii,https://t.me/cutekotikii,IMG_20221002_215059_923.JPG,
IMG_20220927_103022_171.JPG,IMG_20220927_103022_171.JPG,tg: @cutekotikii,https://t.me/cutekotikii,IMG_20220927_103022_171.JPG,
FJoKeqm03Dc.JPG,FJoKeqm03Dc.JPG,tg: @cutekotikii,https://t.me/cutekotikii,FJoKeqm03Dc.JPG,
kyEUDpVnXr8.JPG,kyEUDpVnXr8.JPG,tg: @cutekotikii,https://t.me/cutekotikii,kyEUDpVnXr8.JPG,
qNkvVtwRbgY.JPG,qNkvVtwRbgY.JPG,tg: @cutekotikii,https://t.me/cutekotikii,qNkvVtwRbgY.JPG,
a86G3DE3yIs.JPG,a86G3DE3yIs.JPG,tg: @cutekotikii,https://t.me/cutekotikii,a86G3DE3yIs.JPG,
04uRjLqLZpM.JPG,04uRjLqLZpM.JPG,tg: @cutekotikii,https://t.me/cutekotikii,04uRjLqLZpM.JPG,
NFDfG-d3H_o.JPG,NFDfG-d3H_o.JPG,tg: @cutekotikii,https://t.me/cutekotikii,NFDfG-d3H_o.JPG,
jrLjaPlZC30.JPG,jrLjaPlZC30.JPG,tg: @cutekotikii,https://t.me/cutekotikii,jrLjaPlZC30.JPG,
53a6bf2d990762ef11eb521275bd6ad0.JPG,53a6bf2d990762ef11eb521275bd6ad0.JPG,tg: @cutekotikii,https://t.me/cutekotikii,53a6bf2d990762ef11eb521275bd6ad0.JPG,
pNvRugHsLzE.JPG,pNvRugHsLzE.JPG,tg: @cutekotikii,https://t.me/cutekotikii,pNvRugHsLzE.JPG,
IMG_20230527_094646.JPG,IMG_20230527_094646.JPG,tg: @cutekotikii,https://t.me/cutekotikii,IMG_20230527_094646.JPG,
Ip2YZEu8nng.JPG,Ip2YZEu8nng.JPG,tg: @cutekotikii,https://t.me/cutekotikii,Ip2YZEu8nng.JPG,
d2auC59hcTw.JPG,d2auC59hcTw.JPG,tg: @cutekotikii,https://t.me/cutekotikii,d2auC59hcTw.JPG,
IMG_20230625_085331_308.JPG,IMG_20230625_085331_308.JPG,tg: @cutekotikii,https://t.me/cutekotikii,IMG_20230625_085331_308.JPG,
IMG_20230624_114229_027.JPG,IMG_20230624_114229_027.JPG,tg: @cutekotikii,https://t.me/cutekotikii,IMG_20230624_114229_027.JPG,
IMG_20230627_211322_582.JPG,IMG_20230627_211322_582.JPG,tg: @cutekotikii,https://t.me/cutekotikii,IMG_20230627_211322_582.JPG,
9ec4238053882bf54514c9066ae31cef.JPG,9ec4238053882bf54514c9066ae31cef.JPG,tg: @cutekotikii,https://t.me/cutekotikii,9ec4238053882bf54514c9066ae31cef.JPG,
IMG_20230628_175722_055.JPG,IMG_20230628_175722_055.JPG,tg: @cutekotikii,https://t.me/cutekotikii,IMG_20230628_175722_055.JPG,
665e11ebefd61742ac31099f0565493c.JPG,665e11ebefd61742ac31099f0565493c.JPG,tg: @cutekotikii,https://t.me/cutekotikii,665e11ebefd61742ac31099f0565493c.JPG,
IMG_20230630_095427_031.JPG,IMG_20230630_095427_031.JPG,tg: @cutekotikii,https://t.me/cutekotikii,IMG_20230630_095427_031.JPG,
6d9ed53a272396a1012eb4dab8341f46.JPG,6d9ed53a272396a1012eb4dab8341f46.JPG,tg: @cutekotikii,https://t.me/cutekotikii,6d9ed53a272396a1012eb4dab8341f46.JPG,
IMG_20230629_214014_930.JPG,IMG_20230629_214014_930.JPG,tg: @cutekotikii,https://t.me/cutekotikii,IMG_20230629_214014_930.JPG,
IMG_20230628_211814_433.JPG,IMG_20230628_211814_433.JPG,tg: @cutekotikii,https://t.me/cutekotikii,IMG_20230628_211814_433.JPG,
IMG_20230527_093818.JPG,IMG_20230527_093818.JPG,tg: @cutekotikii,https://t.me/cutekotikii,IMG_20230527_093818.JPG,
IMG_20230630_095605_790.JPG,IMG_20230630_095605_790.JPG,tg: @cutekotikii,https://t.me/cutekotikii,IMG_20230630_095605_790.JPG,
IMG_20230628_184237_128.JPG,IMG_20230628_184237_128.JPG,tg: @cutekotikii,https://t.me/cutekotikii,IMG_20230628_184237_128.JPG,
IMG_20230629_104442_391.JPG,IMG_20230629_104442_391.JPG,tg: @cutekotikii,https://t.me/cutekotikii,IMG_20230629_104442_391.JPG,
IMG_20230629_100213_043.JPG,IMG_20230629_100213_043.JPG,tg: @cutekotikii,https://t.me/cutekotikii,IMG_20230629_100213_043.JPG,
0fe52ca65099f7a8be9ebf35fc3354ee.JPG,0fe52ca65099f7a8be9ebf35fc3354ee.JPG,tg: @cutekotikii,https://t.me/cutekotikii,0fe52ca65099f7a8be9ebf35fc3354ee.JPG,
IMG_20230628_211600_239.JPG,IMG_20230628_211600_239.JPG,tg: @cutekotikii,https://t.me/cutekotikii,IMG_20230628_211600_239.JPG,
d934eda75aa7b16e9bed0060149c6d56.JPG,d934eda75aa7b16e9bed0060149c6d56.JPG,tg: @cutekotikii,https://t.me/cutekotikii,d934eda75aa7b16e9bed0060149c6d56.JPG,
547d4cad07d4bdcc467c65c4df50bae2.JPG,547d4cad07d4bdcc467c65c4df50bae2.JPG,tg: @cutekotikii,https://t.me/cutekotikii,547d4cad07d4bdcc467c65c4df50bae2.JPG,
